{
  "BLEU": 27.030515380613654,
  "chrF": 42.25482519510084,
  "n": 240,
  "by_file": [
    {
      "file": "general.jsonl",
      "BLEU": 22.435204597029276,
      "chrF": 39.99421371441375,
      "n": 60
    },
    {
      "file": "general_pass.jsonl",
      "BLEU": 22.435204597029276,
      "chrF": 39.99421371441375,
      "n": 60
    },
    {
      "file": "instructed.jsonl",
      "BLEU": 34.08569200155983,
      "chrF": 45.100663180350736,
      "n": 60
    },
    {
      "file": "instructed_pass.jsonl",
      "BLEU": 34.08569200155983,
      "chrF": 45.100663180350736,
      "n": 60
    }
  ]
}