metric,label,n,mean_general,sem_general,mean_instructed,sem_instructed,delta_mean,p_value,cohens_d
rougeL_f,ROUGE-L F,8,0.24154357977887386,0.09753771088083725,0.4674688057040998,0.08382466827724691,0.2259252259252259,0.0566744663389322,-0.8059400346374631
bleu4,BLEU-4,8,0.21610465332675202,0.052232128600005326,0.3927643818364708,0.07660521409982607,0.17665972850971876,0.0607332799742343,-0.789359594152037
