mode,count,mean_ms,p50_ms,p95_ms,min_ms,max_ms
general,60,9899.783333333333,9959.0,18911.95,3294.0,19706.0
instructed,60,7765.766666666666,6723.0,12888.849999999995,3044.0,15056.0
