id,general,instructed,diff
1,1.000000,1.000000,0.000000
2,0.615385,0.666667,0.051282
3,0.000000,0.000000,0.000000
4,1.000000,0.833333,-0.166667
5,1.000000,1.000000,0.000000
6,0.588235,0.588235,0.000000
7,0.000000,0.000000,0.000000
8,0.166667,0.333333,0.166666
