id,general,instructed,diff
1,1.000000,1.000000,0.000000
2,0.411134,0.446324,0.035190
3,0.000000,0.000000,0.000000
4,1.000000,0.809107,-0.190893
5,1.000000,1.000000,0.000000
6,0.248084,0.248084,0.000000
7,0.011849,0.011849,0.000000
8,0.113396,0.131345,0.017950
