id,general,instructed,diff
1,1.000000,1.000000,0.000000
2,0.633145,0.646814,0.013669
3,0.054490,0.054490,0.000000
4,1.000000,0.932588,-0.067412
5,1.000000,1.000000,0.000000
6,0.575329,0.575329,0.000000
7,0.049388,0.049388,0.000000
8,0.099454,0.101890,0.002436
