{
  "general": {
    "1": 1.0,
    "2": 0.615385,
    "3": 0.0,
    "4": 1.0,
    "5": 1.0,
    "6": 0.588235,
    "7": 0.0,
    "8": 0.166667
  },
  "instructed": {
    "1": 1.0,
    "2": 0.666667,
    "3": 0.0,
    "4": 0.833333,
    "5": 1.0,
    "6": 0.588235,
    "7": 0.0,
    "8": 0.333333
  }
}