metric,n,mean_diff,ci_low,ci_high,wilcoxon_p,bh_fdr_q
bleu,78,1.3759353070507874,0.3345268105474407,2.607743795952961,0.017029067982208386,0.05108720394662516
chrf,78,1.6893422703483587,-0.6369266352943354,4.701389737927693,0.5406824500359857,0.8110236750539785
rougeL,78,1.3862910219185525,-0.915420424529736,4.101707671545727,0.46875,0.46875
