metric,n,general_mean,instruct_mean,delta_mean,delta_pct,boot_ci_lo,boot_ci_hi,wilcoxon_p,fdr_q,cohen_d
BLEU,1,0.3597515483336201,0.36213125986043315,0.002379711526813044,0.6614875009793076,nan,nan,1.0,1.0,nan
chrF,1,0.5388717846938877,0.5413332472118221,0.002461462517934332,0.45678073854396106,nan,nan,1.0,1.0,nan
