metric,n,mean_diff,ci_low,ci_high,wilcoxon_p,bh_fdr_q
bleu,78,-0.06685760773090585,-1.1305195058123163,0.7643749792702534,0.8870649234635408,1.0
chrf,78,-0.5108657323299929,-2.5880206191013415,1.2182734632819396,0.269905602093786,0.404858403140679
rougeL,78,-0.49777020365255664,-3.0539444215914804,1.8243855817385215,0.84375,0.84375
