metric,n,mean_diff,ci_low,ci_high,wilcoxon_p,bh_fdr_q
bleu,96,1.014057909049763,0.23837522096126434,1.9334287568965325,0.0327372640647718,0.0982117921943154
chrf,96,1.414968296602851,-0.2642577718005459,3.3057833703624824,0.420783416197824,0.6311751242967361
rougeL,96,0.31249999999999994,-1.0732323232323233,1.5814393939393938,0.8203125,0.8203125
