metric,n,mean_diff,ci_low,ci_high,wilcoxon_p,bh_fdr_q
bleu,84,-0.07886764727047743,-1.0814969224820647,0.6928748132936181,0.716796875,1.0
chrf,84,-0.537624224054831,-2.429046398865044,0.8777059469302004,0.29400484203924937,0.44100726305887405
rougeL,84,-1.167800453514739,-3.3844954648526078,0.4591836734693879,0.46875,0.46875
