metric,label,n,mean_general,sem_general,mean_instructed,sem_instructed,delta_mean,p_value,cohens_d
rougeL_f,ROUGE-L F,8,0.25323026646556057,0.0908135747457904,0.649616368286445,0.08980443651215221,0.39638610182088446,0.0373090300876459,-0.906667437975697
bleu4,BLEU-4,8,0.21727158967031623,0.053422368837447304,0.5315742061490528,0.11835660683951518,0.3143026164787366,0.0491785318715205,-0.8400033256852946
