model,mode,chrf,rougeL,bleu,base,instr
Gemma-7B,instruct,35.01082943098117,0.334013117751081,20.7860879005165,20.7860879005165,21.75432403336059
Gemma-7B,general,35.01082943098117,0.334013117751081,20.7860879005165,20.7860879005165,21.75432403336059
