{
  "n": 50,
  "mean_base": 20.7860879005165,
  "mean_instr": 21.75432403336059,
  "delta": 0.9682361328440905,
  "bootstrap_mean": 0.9599918008810069,
  "bootstrap_ci_low": -1.09475363282696,
  "bootstrap_ci_high": 3.012191352059762,
  "wilcoxon_p": 0.08786851126705501,
  "cohen_d": 0.12657103231550904
}