{
  "mean_diff": 0.9682361328440885,
  "n": 50,
  "t_stat": 0.8949923525207811,
  "t_p": 0.37516665248493664,
  "bootstrap_ci": [
    -1.0825101186307622,
    3.101905091927454
  ]
}