{
  "n": 50,
  "mean_base": 20.7860879005165,
  "mean_instr": 21.75432403336059,
  "mean_delta": 0.9682361328440885,
  "paired_t": {
    "tstat": 0.8949923525207811,
    "p": 0.37516665248493664
  },
  "bootstrap": {
    "nboot": 10000,
    "mean_boot": 0.9646122756700144,
    "ci95": [
      -1.1066932615739058,
      3.0662029100723824
    ]
  }
}