{
  "per_item_file": "C:\\Project\\LLM\\LLM-clean\\results\\quantitative\\per_item_full_60.csv",
  "n": 50,
  "mean_base": 20.7860879005165,
  "mean_instr": 21.75432403336059,
  "mean_delta": 0.9682361328440885,
  "median_delta": 0.19934190575178168,
  "trimmed_mean_10pct": 0.9100417263408268,
  "paired_t": {
    "t_stat": 0.8949923525207811,
    "p": 0.37516665248493664
  },
  "wilcoxon": {
    "w_stat": 315.0,
    "p": 0.08786851126705501
  },
  "bootstrap": {
    "nboot": 10000,
    "mean_boot": 0.9721956506749891,
    "ci95": [
      -1.188638492456489,
      3.107592379281923
    ]
  }
}