model,mode,bleu,rouge_l,chrf,compliance
,,27.030515380613654,,42.25482519510084,
