metric,value,n
rougeL_f1_mean,0.28556453232440054,240
BLEU_mean,27.030515380613654,240
chrF_mean,42.25482519510084,240
