metric,level,n,mean_base,mean_instr,mean_diff,delta_pct,sd_diff,d,ci_low,ci_high,p_wilcoxon,q_fdr
lcs_metric,global,50,0.6925078265173397,0.6695587898005805,-0.022949036716759203,-3.3139028669376986,0.2950951913868214,-0.07776825033613231,-0.10577184480695814,0.05603472219067783,0.17171018473612387,0.17171018473612387
