metric,level,n,mean_base,mean_instr,mean_diff,delta_pct,sd_diff,d,ci_low,ci_high,p_wilcoxon,q_fdr
pass_metric,global,50,0.06,0.0,-0.06,-99.99999999833334,0.23989793748209523,-0.25010636035367373,-0.14,0.0,0.0832645166635504,0.0832645166635504
