metric,test,statistic,p_value,mean_general,mean_instructed,cohens_d,n
rougeL_f,paired_t,-2.5644427746945957,0.03730903008764592,0.25323026646556057,0.649616368286445,-0.906667437975697,8
rougeL_f,wilcoxon,2.0,0.046875,0.25323026646556057,0.649616368286445,-0.906667437975697,8
bleu4,paired_t,-2.375888191245295,0.049178531871520534,0.21727158967031623,0.5315742061490528,-0.8400033256852946,8
bleu4,wilcoxon,1.0,0.03125,0.21727158967031623,0.5315742061490528,-0.8400033256852946,8
